Partyid,complaints
id3004672,1
id3505355,1
id1217141,1
id2150126,1
id1598245,1
id0668992,1
id1765014,1
id0898117,1
id3905224,1
id1543102,1
id3024712,1
id3665810,1
id1836461,1
id3457080,1
id3376065,1
id1765014,1
id0902216,1
id3564824,1
id0820280,1
id0775088,1
id1468488,1
id2657479,1
id1262719,1
id1345524,1
id2911638,1
id2849512,1
id0236829,1
id2905906,1
id3737939,1
id0766179,1
id3422639,1
id3864673,1
id2052707,1
id0591443,1
id1686925,1
id0429284,1
id1860783,1
id0928636,1
id3904914,1
id2844603,1
id3400686,1
id1408427,1
id1712395,1
id2475053,1
id3485082,1
id0827714,1
id2765337,1
id3139513,1
id1823365,1
id2690061,1
id2214549,1
id1765014,1
id1556775,1
id0364901,1
id3345419,1
id0814840,1
id3159174,1
id3650870,1
id2576205,1
id3408993,1
id1969762,1
id3043563,1
id0697361,1
id0527242,1
id1890566,1
id0882843,1
id2126329,1
id3443802,1
id1114580,1
id2529811,1
id1792589,1
id0071844,1
id3468683,1
id2108605,1
id1765014,1
id1707352,1
id1650458,1
id2175910,1
id1443779,1
id2459479,1
id0358410,1
id0582396,1
id2262648,1
id2422279,1
id3993739,1
id2578671,1
id3313356,1
id0526259,1
id2384843,1
id1266405,1
id2043002,1
id1284494,1
id0226404,1
id1170300,1
id1309256,1
id3645922,1
id1595264,1
id2594446,1
id0777968,1
id0426749,1
id1300331,1
id1220261,1
id2859902,1
id2726399,1
id1653770,1
id2785851,1
id2023315,1
id0603959,1
id0521659,1
id2972142,1
id0127362,1
id0349746,1
id3125801,1
id2552900,1
id3564322,1
id2217703,1
id2125163,1
id1668771,1
id0448827,1
id0684597,1
id2485399,1
id1804505,1
id3202512,1
id3544706,1
id0976070,1
id2451797,1
id0377405,1
id2195452,1
id0876799,1
id3716230,1
id0392392,1
id1615256,1
id1358922,1
id2648035,1
id2678173,1
id1760464,1
id3723177,1
id2111062,1
id1353681,1
id2604302,1
id1442028,1
id3094517,1
id0130846,1
id1177771,1
id0276992,1
id3214777,1
id3613100,1
id3196583,1
id3273243,1
id0585259,1
id0562890,1
id2584115,1
id2329025,1
id0975674,1
id0139753,1
id0394293,1
id2144237,1
id0495393,1
id1671429,1
id1155279,1
id3780029,1
id3759898,1
id2068572,1
id3029354,1
id1233395,1
id1971234,1
id2146947,1
id0248956,1
id2832032,1
id3381322,1
id3174102,1
id3841591,1
id2828449,1
id0132202,1
id2155048,1
id1478994,1
id0152661,1
id2557936,1
id1132188,1
id2600155,1
id1370403,1
id1391881,1
id0469584,1
id1884057,1
id3437390,1
id2139791,1
id2824398,1
id2349329,1
id2767155,1
id2510692,1
id0572623,1
id1394395,1
id1555305,1
id2420516,1
id1500597,1
id1899288,1
id1472524,1
id1993020,1
id2273329,1
id0927586,1
id3405349,1
id2695311,1
id1383806,1
id1457117,1
id2319880,1
id0012779,1
id0188228,1
id0531829,1
id2839388,1
id3588198,1
id1534831,1
id0701015,1
id3953534,1
id2307884,1
id0778023,1
id1308073,1
id0576533,1
id1349994,1
id2467928,1
id3351750,1
id3562352,1
id0428290,1
id0271028,1
id3718272,1
id2509234,1
id1388591,1
id3122246,1
id1842326,1
id3529394,1
id1520129,1
id0338551,1
id1208751,1
id3406262,1
id1769589,1
id2867593,1
id0822086,1
id1309623,1
id0837556,1
id0641228,1
id3095104,1
id1193445,1
id3426325,1
id2006840,1
id0138642,1
id1913117,1
id1911604,1
id0388204,1
id0376313,1
id1789441,1
id1420079,1
id2351880,1
id1397275,1
id0390786,1
id0546256,1
id3660485,1
id0333608,1
id2182578,1
id1158338,1
id2081327,1
id0570771,1
id1164851,1
id2301122,1
id0621806,1
id2346650,1
id2142929,1
id1571334,1
id1332117,1
id2392119,1
id3309614,1
id2690377,1
id3496031,1
id2957189,1
id2015806,1
id0421433,1
id1760508,1
id2414773,1
id3365425,1
id1125828,1
id1593512,1
id2412190,1
id0644919,1
id1827002,1
id3975362,1
id1134963,1
id3928491,1
id1796952,1
id2437301,1
id2414272,1
id3487254,1
id1516431,1
id3636941,1
id0033058,1
id3650802,1
id1107166,1
id0352882,1
id1766227,1
id1195534,1
id1059684,1
id0940199,1
id2528163,1
id0919966,1
id2826168,1
id2170803,1
id2000184,1
id2101417,1
id3375121,1
id1202903,1
id2255141,1
id3965726,1
id2656610,1
id0434956,1
id1877189,1
id3040815,1
id0093716,1
id1103050,1
id1422184,1
id0864746,1
id2755735,1
id3112806,1
id0739111,1
id1791696,1
id1963006,1
id1373197,1
id3708923,1
id3726580,1
id1787838,1
id3340304,1
id2846350,1
id0047251,1
id1753016,1
id2953343,1
id3107674,1
id0002608,1
id2990394,1
id3598152,1
id2346163,1
id2584584,1
id2727364,1
id0797438,1
id2117187,1
id3317688,1
id3961925,1
id3147489,1
id3484246,1
id2093374,1
id0679904,1
id0626723,1
id1576197,1
id0824689,1
id1676272,1
id0627637,1
id2345037,1
id3961005,1
id0676864,1
id1118396,1
id3033320,1
id2737671,1
id2555095,1
id2216054,1
id1879755,1
id0195472,1
id3264821,1
id3321859,1
id3083909,1
id2799048,1
id3809466,1
id0658141,1
id3871456,1
id3362959,1
id1123000,1
id0426056,1
id3169766,1
id3783179,1
id1470916,1
id3812808,1
id0625495,1
id2177275,1
id1669881,1
id0175084,1
id0721910,1
id2340579,1
id2685023,1
id3482357,1
id2245371,1
id1278193,1
id1158031,1
id1509114,1
id2751524,1
id3129627,1
id1635850,1
id0028611,1
id2786840,1
id1325493,1
id1597746,1
id3147950,1
id1045588,1
id1022607,1
id0337753,1
id0141150,1
id0868004,1
id2736277,1
id1823119,1
id3641265,1
id2368838,1
id3853565,1
id1643361,1
id1939982,1
id1415311,1
id0830841,1
id0202012,1
id3746505,1
id0076494,1
id2025500,1
id0088193,1
id2329216,1
id2600913,1
id2191170,1
id3826806,1
id3599247,1
id2907509,1
id2142979,1
id0985073,1
id2824393,1
id1614902,1
id2495395,1
id0814791,1
id0152911,1
id0794895,1
id2923064,1
id0959089,1
id2208629,1
id2723280,1
id0729657,1
id0516790,1
id3794167,1
id2431791,1
id3588190,1
id3087426,1
id1953265,1
id0146166,1
id0730321,1
id1744015,1
id2628803,1
id1819594,1
id2637651,1
id0259366,1
id3199513,1
id2109085,1
id0230139,1
id0395122,1
id3847172,1
id0246436,1
id0050172,1
id0588163,1
id0957129,1
id1181152,1
id2318002,1
id1152721,1
id0578867,1
id1674283,1
id1009060,1
id1499822,1
id0935271,1
id1439169,1
id2468154,1
id2315902,1
id2465729,1
id2999912,1
id2963678,1
id1089607,1
id3887389,1
id3447831,1
id1160954,1
id3333729,1
id3489866,1
id3357285,1
id1550743,1
id0560933,1
id0731119,1
id3956524,1
id1658832,1
id0977424,1
id3419570,1
id1539496,1
id2872013,1
id0977363,1
id1644673,1
id3170119,1
id0013519,1
id3620369,1
id0995729,1
id1199993,1
id0870823,1
id1746769,1
id1761621,1
id0955952,1
id3450911,1
id2035696,1
id2685850,1
id2305039,1
id2884385,1
id1973660,1
id1062131,1
id3853357,1
id1236685,1
id3602303,1
id1806638,1
id3400677,1
id1138267,1
id0736053,1
id2319364,1
id3116733,1
id3771556,1
id0124891,1
id1760392,1
id0070646,1
id0637820,1
id2171415,1
id0214866,1
id3982336,1
id1949435,1
id3246513,1
id2946250,1
id2113754,1
id2465667,1
id2868489,1
id3738374,1
id3806418,1
id0081589,1
id2465667,1
id1945307,1
id0564753,1
id1693645,1
id1058341,1
id3739596,1
id2778151,1
id0577386,1
id1889859,1
id2249268,1
id1049228,1
id0973170,1
id1324212,1
id1359008,1
id0872795,1
id3527829,1
id3535712,1
id2397242,1
id3756802,1
id3508470,1
id1777188,1
id2473995,1
id3283801,1
id1256163,1
id2210196,1
id3616238,1
id0325977,1
id3427401,1
id3767523,1
id3717962,1
id3830804,1
id0881865,1
id0001777,1
id0807434,1
id0214412,1
id0036742,1
id1347011,1
id1698863,1
id2515994,1
id3245986,1
id3100396,1
id1784582,1
id0711058,1
id3033184,1
id0152818,1
id1830687,1
id3880486,1
id0029976,1
id0874579,1
id0937613,1
id1851199,1
id1422314,1
id1407569,1
id3486517,1
id1033567,1
id2738993,1
id3850307,1
id2455088,1
id2366779,1
id2001201,1
id2289787,1
id0042261,1
id2647509,1
id0335735,1
id0070836,1
id2308327,1
id3885184,1
id1874261,1
id2152788,1
id1941159,1
id3574239,1
id2300455,1
id0085649,1
id0380962,1
id2931867,1
id0707698,1
id3098459,1
id0524443,1
id2897225,1
id0791745,1
id2551899,1
id0138929,1
id2963540,1
id0171566,1
id0198530,1
id1083862,1
id0603869,1
id3664872,1
id0410796,1
id2386401,1
id0101620,1
id3600501,1
id0429395,1
id2481801,1
id1494030,1
id1455262,1
id0799868,1
id0482016,1
id2268690,1
id1121663,1
id3531765,1
id2724454,1
id1050526,1
id3697561,1
id0974361,1
id1626668,1
id3444148,1
id0577536,1
id3149675,1
id0423637,1
id3160662,1
id0831421,1
id0113811,1
id2207168,1
id2814265,1
id0220607,1
id0598337,1
id0294060,1
id0697085,1
id3914122,1
id2635821,1
id3216066,1
id0041923,1
id1948736,1
id1415008,1
id0463288,1
id0145864,1
id0007957,1
id3564923,1
id2414756,1
id3905311,1
id0178358,1
id2718550,1
id3166993,1
id1775322,1
id3406028,1
id2180367,1
id0231374,1
id2383123,1
id3922891,1
id3680326,1
id1796744,1
id2086232,1
id2078475,1
id0027023,1
id2970680,1
id3205009,1
id0325480,1
id1086304,1
id1147459,1
id3609805,1
id1535994,1
id2564478,1
id3309165,1
id1635383,1
id3758019,1
id2010235,1
id3125429,1
id2452165,1
id1197679,1
id1016822,1
id0028046,1
id0698966,1
id3239624,1
id0021474,1
id3612600,1
id1311997,1
id1342685,1
id3125415,1
id3323275,1
id2354131,1
id0810383,1
id2709866,1
id2023525,1
id1987809,1
id0530534,1
id3295923,1
id1532689,1
id3383270,1
id2456459,1
id3136507,1
id2199166,1
id1566571,1
id1797918,1
id1175274,1
id1664762,1
id0163369,1
id2157923,1
id2533444,1
id2199166,1
id2591560,1
id3498275,1
id0322149,1
id1211179,1
id0577304,1
id1795946,1
id3453575,1
id0046262,1
id2507410,1
id1391329,1
id3595340,1
id2979964,1
id3478082,1
id3114825,1
id1720055,1
id2881964,1
id3346801,1
id1592008,1
id0583689,1
id0634908,1
id0780422,1
id2722636,1
id2919543,1
id3152279,1
id2996667,1
id0116747,1
id2983399,1
id0933173,1
id2116404,1
id1517944,1
id2824829,1
id3317253,1
id2402921,1
id0823658,1
id2420287,1
id3218965,1
id2578941,1
id0670945,1
id0410506,1
id1934360,1
id0630755,1
id1115480,1
id1515110,1
id0671499,1
id2677919,1
id3967756,1
id1747805,1
id1746446,1
id0047198,1
id0859998,1
id2230702,1
id0795936,1
id1159223,1
id2315016,1
id3157016,1
id1249759,1
id1556967,1
id1300389,1
id1921049,1
id0128242,1
id0668992,1
id0668992,1
id0668992,1
id0668992,1
id0668992,1
id0668992,1
id0668992,1
id0668992,1
id0668992,1
id0668992,1
id0668992,1
id2465667,1
id3024639,1
id2067486,1
id0373656,1
id1536720,1
id3726044,1
id0157493,1
id3575232,1
id1840815,1
id3661043,1
id1126062,1
id3847480,1
id0275796,1
id2579339,1
id1342249,1
id1168268,1
id1394552,1
id1014079,1
id0337816,1
id3639243,1
id2743499,1
id1355270,1
id0367557,1
id1514015,1
id3442063,1
id0084550,1
id1486421,1
id0786428,1
id2603157,1
id3338801,1
id0905533,1
id1210854,1
id0840927,1
id2336803,1
id2526999,1
id2676539,1
id2304156,1
id1549963,1
id3604845,1
id0175675,1
id1547045,1
id2558632,1
id3262658,1
id0299392,1
id2860966,1
id1440915,1
id0049807,1
id1694830,1
id0579073,1
id1725762,1
id0754198,1
id0724258,1
id3760454,1
id0248612,1
id2399496,1
id0909271,1
id2957114,1
id0263708,1
id0867121,1
id1938130,1
id3990216,1
id1708888,1
id1680920,1
id2756017,1
id2082016,1
id1887328,1
id0556439,1
id3590862,1
id1287440,1
id1355582,1
id2577515,1
id1716629,1
id3130590,1
id0971090,1
id2277980,1
id0063688,1
id3771485,1
id0813284,1
id3387255,1
id0491192,1
id0007172,1
id1672440,1
id2736212,1
id1523920,1
id1083159,1
id0852239,1
id2420681,1
id1471749,1
id1375456,1
id0912165,1
id2623663,1
id2124702,1
id0348540,1
id3182628,1
id2305027,1
id2440714,1
id3937273,1
id0689531,1
id0000936,1
id0158436,1
id0834903,1
id2748210,1
id0952925,1
id3577332,1
id0295074,1
id3639000,1
id2957380,1
id3884631,1
id1561572,1
id2407509,1
id0800897,1
id3646869,1
id2778010,1
id3461566,1
id3532805,1
id2484261,1
id1518466,1
id1835582,1
id0842772,1
id2651776,1
id2270945,1
id3818056,1
id1914470,1
id3258751,1
id3084913,1
id2079533,1
id2624919,1
id1561325,1
id3846734,1
id0661232,1
id0630092,1
id3160927,1
id2362405,1
id2307486,1
id1906658,1
id0838414,1
id0214521,1
id3156074,1
id1754727,1
id0938243,1
id1623941,1
id2509363,1
id2591963,1
id0870211,1
id3697400,1
id0737912,1
id1812296,1
id0615095,1
id0487848,1
id2972909,1
id0604234,1
id3119110,1
id1890509,1
id0487848,1
id1694689,1
id3768104,1
id0472197,1
id0487848,1
id0387189,1
id1438907,1
id2938974,1
id1607954,1
id2950903,1
id2879406,1
id1381196,1
id2389583,1
id3807855,1
id1289746,1
id2046539,1
id1333173,1
id3032150,1
id0261139,1
id2919411,1
id1359087,1
id0909049,1
id0928469,1
id3515944,1
id3068047,1
id1394254,1
id1915229,1
id2757161,1
id1826240,1
id3903883,1
id3940690,1
id0392375,1
id3092992,1
id2745340,1
id1849911,1
id1542521,1
id2639344,1
id2268837,1
id0994219,1
id3385162,1
id3683750,1
id0655855,1
id0543009,1
id2403501,1
id0880328,1
id2570929,1
id2490269,1
id1733140,1
id0325250,1
id0177239,1
id2494877,1
id0222345,1
id3514170,1
id1119636,1
id2080903,1
id2894760,1
id2919294,1
id2724212,1
id2552647,1
id0990768,1
id2740544,1
id1913325,1
id0155096,1
id3970947,1
id3854716,1
id1074645,1
id1484953,1
id3999280,1
id2764639,1
id1965964,1
id0256752,1
id3436132,1
id1502458,1
id1765138,1
id1489512,1
id0197248,1
id0883942,1
id1783324,1
id2289004,1
id1160667,1
id0520317,1
id3669763,1
id1570979,1
id0109740,1
id3859482,1
id2431987,1
id1390855,1
id0567775,1
id0467340,1
id0784961,1
id2018773,1
id0273840,1
id2652920,1
id2341650,1
id1793619,1
id3907996,1
id3261059,1
id3265512,1
id2152367,1
id2953483,1
id0563137,1
id2280510,1
id3766448,1
id3829815,1
id0547686,1
id3396380,1
id3475138,1
id0686296,1
id3570916,1
id0661862,1
id1413707,1
id0724453,1
id0824315,1
id0290205,1
id3270439,1
id2795469,1
id2325582,1
id0730137,1
id2616610,1
id0290315,1
id3469339,1
id2473527,1
id0931667,1
id2954500,1
id3728841,1
id1065212,1
id2841421,1
id1687350,1
id3268235,1
id1338245,1
id3355531,1
id0657696,1
id1191355,1
id3064452,1
id1143678,1
id0769900,1
id3510001,1
id3858054,1
id0559171,1
id2238218,1
id1485690,1
id0491846,1
id2000581,1
id2208713,1
id0437598,1
id2282272,1
id3731310,1
id2159709,1
id0314528,1
id2497366,1
id0433105,1
id3732877,1
id1637780,1
id2596201,1
id0814565,1
id2590941,1
id0177956,1
id3139933,1
id2727651,1
id2383574,1
id1309136,1
id1609415,1
id1147587,1
id3629266,1
id2062514,1
id2641007,1
id0000423,1
id1019677,1
id2670282,1
id3516225,1
id1034156,1
id0450620,1
id0212544,1
id1358519,1
id1725032,1
id1504553,1
id0524610,1
id3530995,1
id2945168,1
id0539085,1
id0352985,1
id2012285,1
id0398343,1
id1324419,1
id3111435,1
id3969649,1
id1120115,1
id2545257,1
id0756714,1
id3476280,1
id2808886,1
id2238013,1
id3244334,1
id1318085,1
id0323681,1
id2818657,1
id1340731,1
id2112981,1
id0343195,1
id3115045,1
id1050375,1
id2101713,1
id2564553,1
id3841457,1
id0253271,1
id0008235,1
id2320368,1
id2279041,1
id1600249,1
id2634347,1
id1625734,1
id3326109,1
id0737172,1
id3470231,1
id3236805,1
id3616839,1
id3381204,1
id2944033,1
id2304073,1
id3189930,1
id0897400,1
id0857373,1
id2769356,1
id2163688,1
id2768701,1
id1132095,1
id0936484,1
id3422015,1
id2034088,1
id3508195,1
id2432634,1
id0008033,1
id1018904,1
id0028617,1
id3378837,1
id0302389,1
id0686176,1
id1003924,1
id1989011,1
id1039863,1
id3272796,1
id0533326,1
id0431122,1
id2141085,1
id2773022,1
id1939401,1
id1701875,1
id2021271,1
id1947529,1
id2781634,1
id0680517,1
id0708073,1
id3125308,1
id0381851,1
id2836366,1
id0588804,1
id1908904,1
id0402104,1
id0546925,1
id3374018,1
id1954790,1
id0943362,1
id1372306,1
id0757011,1
id2719220,1
id0232633,1
id1044531,1
id3611181,1
id2903682,1
id0693195,1
id1759188,1
id1347710,1
id3945233,1
id3006538,1
id3741107,1
id3974864,1
id0820180,1
id3395500,1
id3665620,1
id0018147,1
id1693681,1
id2673349,1
id1604802,1
id3648882,1
id1580578,1
id2990920,1
id3833360,1
id1971139,1
id3586846,1
id2582904,1
id0195087,1
id2638022,1
id3393591,1
id2528968,1
id1715128,1
id0282359,1
id2319463,1
id1491933,1
id0707042,1
id0581732,1
id2286171,1
id1743599,1
id2624405,1
id2938251,1
id2970506,1
id1273317,1
id3611635,1
id3773017,1
id2123894,1
id2537485,1
id3026488,1
id3668697,1
id3754243,1
id1600423,1
id0482956,1
id3876003,1
id3961681,1
id0422606,1
id3031081,1
id1880211,1
id0305927,1
id2827589,1
id0315966,1
id0341980,1
id1149129,1
id2250500,1
id1512567,1
id2608403,1
id0339315,1
id2787383,1
id2162192,1
id0245069,1
id3059306,1
id0516187,1
id0650668,1
id0691277,1
id1119772,1
id0725263,1
id0112130,1
id2464119,1
id3066173,1
id3895361,1
id0365304,1
id3823740,1
id1438911,1
id0869294,1
id2642500,1
id1109528,1
id2687506,1
id3874678,1
id3175837,1
id1754620,1
id2674705,1
id0975766,1
id2699952,1
id2040519,1
id2588904,1
id2120724,1
id2451197,1
id0073022,1
id0540328,1
id1546260,1
id0824353,1
id3872266,1
id2848687,1
id0881288,1
id1060236,1
id3773188,1
id0277845,1
id1883533,1
id1993677,1
id3141819,1
id0448786,1
id2700506,1
id0801799,1
id2764292,1
id0795833,1
id3448476,1
id1816183,1
id0145686,1
id2293980,1
id2628557,1
id3336451,1
id0705389,1
id3995899,1
id2496450,1
id1289717,1
id3503808,1
id3118821,1
id3787453,1
id0553688,1
id2137008,1
id0984389,1
id1592169,1
id3687449,1
id0968796,1
id0781033,1
id2907425,1
id0041777,1
id3313970,1
id2093377,1
id3853738,1
id3405650,1
id1085162,1
id2278274,1
id2079688,1
id2193500,1
id0214986,1
id3929636,1
id3143535,1
id0335247,1
id1172036,1
id0208953,1
id2652876,1
id1698019,1
id2111703,1
id3290533,1
id3381110,1
id1548143,1
id1067686,1
id0774090,1
id3590799,1
id1606146,1
id3752112,1
id3974885,1
id0219665,1
id1122600,1
id1148386,1
id2534273,1
id1451387,1
id2303081,1
id2673586,1
id1444719,1
id2510088,1
id3078912,1
id2322068,1
id1227366,1
id2274914,1
id2987105,1
id3968228,1
id2904534,1
id3612165,1
id3997453,1
id1466658,1
id3525592,1
id3006119,1
id1935067,1
id3122052,1
id3728783,1
id2790606,1
id2620767,1
id0063776,1
id2025533,1
id0001829,1
id0968590,1
id3776193,1
id0497423,1
id1403566,1
id1120699,1
id0670820,1
id3974282,1
id0174415,1
id1967813,1
id3989372,1
id0029686,1
id0071103,1
id2479707,1
id0418531,1
id0323863,1
id0818055,1
id3275313,1
id0128399,1
id3738957,1
id0732485,1
id3529374,1
id1331571,1
id3534990,1
id3471829,1
id3723285,1
id0172447,1
id2563730,1
id2050454,1
id2859520,1
id0686830,1
id1225730,1
id3306779,1
id2397997,1
id1075549,1
id1695655,1
id3217002,1
id1639212,1
id3075924,1
id2117415,1
id1720165,1
id0950455,1
id1880859,1
id1475805,1
id0823811,1
id1823739,1
id2938037,1
id0415093,1
id1855675,1
id1683813,1
id3204847,1
id2613074,1
id0628510,1
id3649793,1
id2612357,1
id0662292,1
id3973836,1
id2307380,1
id3546799,1
id0262590,1
id1364500,1
id1728752,1
id2739841,1
id0899986,1
id2910598,1
id0259760,1
id1494488,1
id0564818,1
id1001300,1
id2084785,1
id2866915,1
id0423838,1
id3670002,1
id3639350,1
id0938697,1
id2354954,1
id1165955,1
id2097883,1
id0202285,1
id0531831,1
id1528262,1
id3247687,1
id3762046,1
id3577559,1
id1245552,1
id1945785,1
id0584318,1
id3302709,1
id3534070,1
id3286978,1
id2014443,1
id3889828,1
id1051889,1
id3849351,1
id3970145,1
id2325590,1
id1499220,1
id3113310,1
id0829003,1
id3794745,1
id0384092,1
id1072415,1
id0617238,1
id0093173,1
id0389536,1
id3484120,1
id2600881,1
id1062918,1
id2100361,1
id1011184,1
id3813949,1
id3930475,1
id3669608,1
id1803946,1
id0277003,1
id0487848,1
id1407687,1
id0939000,1
id2131949,1
id0491522,1
id0487848,1
id2584106,1
id2117584,1
id2264548,1
id0182981,1
id1686169,1
id0487848,1
id2518340,1
id2759316,1
id0309608,1
id1245151,1
id3980182,1
id0487848,1
id2264548,1
id3257502,1
id3929610,1
id0891874,1
id0337665,1
id1851561,1
id1541520,1
id3916146,1
id1810665,1
id0270077,1
id2213319,1
id1206818,1
id3399771,1
id3837240,1
id2151615,1
id3495116,1
id1544238,1
id3961003,1
id2755182,1
id3305616,1
id1158140,1
id0926863,1
id0916081,1
id1584597,1
id1845811,1
id0284913,1
id0496079,1
id3325874,1
id1347393,1
id0183819,1
id2183208,1
id0526192,1
id0432037,1
id3350048,1
id0750034,1
id1447521,1
id0949659,1
id2292686,1
id0821440,1
id2116298,1
id2120368,1
id3250592,1
id0005272,1
id3923585,1
id2290566,1
id0042334,1
id1035542,1
id0210618,1
id0851441,1
id3398675,1
id2883204,1
id3733475,1
id1432429,1
id2775956,1
id2446865,1
id2150494,1
id1497835,1
id2809665,1
id2132512,1
id3929543,1
id3262059,1
id0768376,1
id2579853,1
id3702574,1
id0792268,1
id0267872,1
id0166786,1
id2382599,1
id0082724,1
id2404707,1
id0732188,1
id2821789,1
id3119455,1
id2413046,1
id1653806,1
id1046143,1
id3143511,1
id0197807,1
id3760139,1
id0199656,1
id0353119,1
id2298152,1
id0500914,1
id1548405,1
id2449226,1
id2838329,1
id0370839,1
id2739493,1
id0796805,1
id1978056,1
id1425747,1
id1925797,1
id2697546,1
id1662507,1
id2121407,1
id3175360,1
id3371799,1
id2634136,1
id0004145,1
id2618067,1
id2255275,1
id3839191,1
id3650773,1
id2853735,1
id2481722,1
id3924044,1
id0522731,1
id1641078,1
id2775789,1
id2063710,1
id1709336,1
id1128354,1
id3443731,1
id2300807,1
id2938936,1
id2106474,1
id2718886,1
id3757083,1
id0795581,1
id1055499,1
id3250188,1
id1340596,1
id3960729,1
id2829019,1
id1211394,1
id1393998,1
id2389101,1
id1555060,1
id1026747,1
id0348322,1
id2036302,1
id3480557,1
id2597255,1
id1625032,1
id2503916,1
id1573082,1
id2427530,1
id0585939,1
id1359583,1
id2810814,1
id2754817,1
id2846096,1
id0488146,1
id2887043,1
id2236096,1
id1124300,1
id1050700,1
id3409309,1
id0781963,1
id3680561,1
id0859252,1
id3822835,1
id3702785,1
id0124640,1
id0832143,1
id3807552,1
id0350249,1
id3207863,1
id0749972,1
id1342729,1
id0951967,1
id1999723,1
id1127473,1
id1939243,1
id1864767,1
id0675891,1
id2035798,1
id3381488,1
id0753077,1
id0342904,1
id0901169,1
id3585559,1
id3708187,1
id2213741,1
id2853703,1
id3144462,1
id0519743,1
id1315037,1
id0710592,1
id2354260,1
id0660095,1
id2808599,1
id3119873,1
id1605577,1
id1353135,1
id3337081,1
id1739001,1
id3145921,1
id1919901,1
id3868529,1
id1036714,1
id2818603,1
id3792331,1
id2273690,1
id1144331,1
id0264287,1
id1272693,1
id2713536,1
id2192419,1
id3288993,1
id2273889,1
id1146195,1
id1374711,1
id0490817,1
id2380098,1
id1710584,1
id2080044,1
id2895727,1
id1900052,1
id3729436,1
id2290845,1
id0589767,1
id2604569,1
id0056204,1
id1716580,1
id1897066,1
id2880028,1
id1115421,1
id3202448,1
id3618125,1
id0030925,1
id1314282,1
id3633879,1
id3845869,1
id3127290,1
id3758298,1
id0514509,1
id1041312,1
id3891502,1
id3172218,1
id2778101,1
id3190931,1
id1067926,1
id3195959,1
id2162793,1
id0123115,1
id2364817,1
id2478159,1
id0021742,1
id2304439,1
id0360596,1
id1696946,1
id3212594,1
id1348152,1
id2198409,1
id1054167,1
id3661787,1
id0954172,1
id1319700,1
id1541496,1
id3582998,1
id1029924,1
id0368854,1
id1526911,1
id0682258,1
id2284449,1
id0363385,1
id0385980,1
id1499883,1
id1619286,1
id1084516,1
id2845176,1
id1207871,1
id3941011,1
id2488582,1
id2322869,1
id2164689,1
id2696118,1
id0635440,1
id2045747,1
id0437000,1
id1469849,1
id2400716,1
id1640644,1
id3514366,1
id2630690,1
id3214725,1
id2772055,1
id0125196,1
id3871140,1
id2030943,1
id2010944,1
id2671206,1
id1937995,1
id1887078,1
id2010974,1
id2935418,1
id1998827,1
id2878244,1
id0851044,1
id1613799,1
id1018773,1
id1096446,1
id1634669,1
id3011300,1
id2278954,1
id0843482,1
id0614736,1
id1245793,1
id3867880,1
id1379946,1
id3522752,1
id0876912,1
id1840885,1
id2676969,1
id1977827,1
id2272858,1
id3061154,1
id2000310,1
id0471065,1
id3928174,1
id2972734,1
id0057613,1
id1287290,1
id1699161,1
id3204034,1
id1421290,1
id3344599,1
id2626549,1
id0076001,1
id3145276,1
id2342771,1
id0937388,1
id1287570,1
id2826916,1
id3803742,1
id3158879,1
id1123175,1
id1497403,1
id1310744,1
id3719301,1
id0415945,1
id1491490,1
id0596628,1
id1285900,1
id0333686,1
id0334546,1
id3541647,1
id0071699,1
id2510748,1
id2858777,1
id0942576,1
id0666944,1
id3416039,1
id2544959,1
id1602076,1
id3660931,1
id3439749,1
id3574472,1
id1270626,1
id3360389,1
id0813582,1
id1063737,1
id0289444,1
id2581777,1
id0216414,1
id0212917,1
id0599147,1
id3749004,1
id3442543,1
id0889777,1
id2196290,1
id2252692,1
id3594006,1
id3298636,1
id2700165,1
id2342092,1
id2189892,1
id1055947,1
id3895457,1
id1846841,1
id2264548,1
id3094046,1
id2264548,1
id3126139,1
id1028886,1
id3248074,1
id2264548,1
id1824525,1
id3623443,1
id0523292,1
id2418604,1
id1275256,1
id3489416,1
id1062149,1
id3458747,1
id1811961,1
id3846551,1
id0721885,1
id0510988,1
id2046578,1
id2621555,1
id3973807,1
id2242184,1
id1826800,1
id1044942,1
id3239872,1
id3091258,1
id0437078,1
id1089530,1
id2632127,1
id3093570,1
id3048731,1
id1612857,1
id0405494,1
id1379760,1
id3300772,1
id2566885,1
id3540667,1
id1527736,1
id2978595,1
id2157867,1
id3697450,1
id1125721,1
id3168935,1
id3998547,1
id3207085,1
id0194545,1
id2641022,1
id0468092,1
id1021393,1
id0226300,1
id3484645,1
id2166134,1
id3967196,1
id3282017,1
id3647317,1
id2230576,1
id2207063,1
id3842801,1
id1613088,1
id0504716,1
id1092181,1
id2835680,1
id2659520,1
id0828887,1
id2987240,1
id0487504,1
id0508826,1
id2076890,1
id3138109,1
id0069712,1
id2953696,1
id0496730,1
id2356225,1
id2819839,1
id1951970,1
id2187854,1
id1376739,1
id1370018,1
id2218750,1
id0568661,1
id2302691,1
id1590244,1
id2375776,1
id2085439,1
id0417397,1
id1378699,1
id3264522,1
id3002460,1
id1839259,1
id3502521,1
id1894742,1
id3260873,1
id2993125,1
id1500318,1
id3590687,1
id2913151,1
id3009490,1
id1940196,1
id3841987,1
id3324826,1
id3287947,1
id3614906,1
id2824340,1
id0293722,1
id0227628,1
id0015754,1
id3946287,1
id2770665,1
id0141905,1
id0418843,1
id1911719,1
id1722647,1
id2257693,1
id0192716,1
id3566472,1
id0798968,1
id0157655,1
id3402685,1
id0669149,1
id2548636,1
id0141905,1
id1159192,1
id1917257,1
id0786250,1
id3099562,1
id1327361,1
id1154448,1
id0674643,1
id2803471,1
id1385573,1
id3186633,1
id2470158,1
id2424195,1
id1719313,1
id3907120,1
id3916773,1
id1887039,1
id3071565,1
id0303230,1
id1283057,1
id1079200,1
id1899867,1
id1197900,1
id3929773,1
id3509820,1
id1387393,1
id1974581,1
id1519440,1
id2098862,1
id0016723,1
id3215135,1
id0840277,1
id0546537,1
id0121861,1
id0616772,1
id2880275,1
id1503568,1
id0348863,1
id2162086,1
id3342958,1
id1636604,1
id0061833,1
id1898699,1
id2836473,1
id0751201,1
id1583066,1
id1687388,1
id1882454,1
id2874902,1
id3509764,1
id0677683,1
id3202313,1
id1182945,1
id0443270,1
id1463937,1
id0214206,1
id1007408,1
id3181514,1
id3738963,1
id0578551,1
id1646710,1
id2339253,1
id1433228,1
id1068866,1
id1272592,1
id0883155,1
id1275293,1
id3393328,1
id3167361,1
id3858089,1
id2537712,1
id2597656,1
id0095083,1
id1749634,1
id2152060,1
id3355600,1
id3148608,1
id2593893,1
id3694582,1
id0487243,1
id3100881,1
id1532548,1
id3429671,1
id0202381,1
id0450696,1
id1651239,1
id3818007,1
id1864022,1
id0538713,1
id3451090,1
id2391988,1
id2083894,1
id0390012,1
id0788458,1
id0833278,1
id2330060,1
id0618869,1
id0163446,1
id2341687,1
id1471766,1
id3770729,1
id2048345,1
id1960345,1
id0745679,1
id1489332,1
id3279131,1
id2242961,1
id1292584,1
id0028751,1
id1041966,1
id1488033,1
id0860706,1
id2359581,1
id2360824,1
id3184270,1
id3430792,1
id1498475,1
id3027507,1
id0371079,1
id0141241,1
id3958755,1
id0696849,1
id3296337,1
id1987439,1
id1937352,1
id1252289,1
id2807406,1
id2219688,1
id1467981,1
id0577066,1
id2381873,1
id3485985,1
id0860755,1
id0678188,1
id2489005,1
id0109524,1
id2009431,1
id1974166,1
id3302736,1
id2913966,1
id2678421,1
id1885776,1
id0544659,1
id1665443,1
id1133958,1
id2267046,1
id3817087,1
id1028531,1
id2674209,1
id0917878,1
id0143780,1
id3048909,1
id3248974,1
id1603038,1
id3837412,1
id3005982,1
id1578643,1
id1189674,1
id1352456,1
id2044268,1
id0969368,1
id3776592,1
id1596782,1
id3670866,1
id3709704,1
id1625467,1
id2763917,1
id0619270,1
id3102665,1
id1259466,1
id1335198,1
id2142928,1
id1688384,1
id0489004,1
id2784066,1
id3954620,1
id3312695,1
id2516301,1
id1918814,1
id2976859,1
id3609347,1
id3708748,1
id1520003,1
id2756766,1
id1141158,1
id2637622,1
id3906350,1
id2236924,1
id3873245,1
id3865250,1
id1835615,1
id0581823,1
id2377572,1
id3180254,1
id1252621,1
id0869914,1
id1908780,1
id0689954,1
id1973602,1
id1585834,1
id2522109,1
id2838220,1
id3908223,1
id3353551,1
id2995793,1
id0097255,1
id3572738,1
id2925261,1
id1786856,1
id3113582,1
id0352257,1
id2319568,1
id3264775,1
id1944297,1
id1830506,1
id3732150,1
id1966990,1
id2558439,1
id2100011,1
id1614593,1
id1444449,1
id2869220,1
id3165204,1
id3014517,1
id3880930,1
id0178971,1
id3842277,1
id2453573,1
id0580763,1
id0763602,1
id0081559,1
id1731839,1
id2912694,1
id1768191,1
id0038377,1
id2984763,1
id3378002,1
id3092974,1
id3774511,1
id2656371,1
id3025813,1
id3267767,1
id3544426,1
id0470350,1
id2815055,1
id0994399,1
id2633962,1
id2178466,1
id1488921,1
id3747954,1
id2076943,1
id0414869,1
id0882236,1
id0223574,1
id2361959,1
id3382311,1
id2590394,1
id1822061,1
id3902695,1
id2078595,1
id2103310,1
id0212738,1
id2480922,1
id0222519,1
id0079885,1
id1432455,1
id2050160,1
id1083853,1
id0611342,1
id3278134,1
id3905766,1
id1149565,1
id3251849,1
id0102096,1
id3212093,1
id1621993,1
id2872482,1
id3235454,1
id0174396,1
id2892135,1
id2030772,1
id1440572,1
id0127364,1
id2600807,1
id0675336,1
id2751161,1
id3931239,1
id2871813,1
id0199172,1
id0004298,1
id3526469,1
id1064790,1
id1703976,1
id0630182,1
id3381679,1
id2814393,1
id2795045,1
id2598388,1
id3343226,1
id2323120,1
id3827346,1
id0060237,1
id2167143,1
id3180768,1
id0209654,1
id2763554,1
id1220880,1
id3015039,1
id2749200,1
id2378403,1
id3759948,1
id3095688,1
id3945674,1
id0816648,1
id2377492,1
id0780550,1
id0350703,1
id0920236,1
id0590110,1
id0879709,1
id0886172,1
id2950025,1
id1784373,1
id3835563,1
id1069138,1
id3975906,1
id3060618,1
id3952529,1
id0370024,1
id0885732,1
id0210437,1
id2133980,1
id1389041,1
id2905425,1
id1171816,1
id0931195,1
id0318304,1
id0623803,1
id1337183,1
id3330391,1
id2068632,1
id0196661,1
id2548905,1
id2493305,1
id1968714,1
id2785833,1
id2401084,1
id1988946,1
id1256337,1
id1150789,1
id1160274,1
id0250354,1
id2801162,1
id3916286,1
id0889099,1
id2993856,1
id2487584,1
id1076090,1
id3378738,1
id2167258,1
id2710091,1
id2881852,1
id2106944,1
id3177292,1
id2908235,1
id3305668,1
id1159101,1
id3333892,1
id0893031,1
id0434096,1
id2990967,1
id1596791,1
id1580932,1
id2018505,1
id2634807,1
id0837509,1
id1416798,1
id1674747,1
id1086963,1
id1794248,1
id2021141,1
id2773536,1
id1614186,1
id2215943,1
id0169653,1
id1502374,1
id1569695,1
id3130493,1
id1345140,1
id1388196,1
id3307292,1
id0456993,1
id2226586,1
id2592792,1
id2859245,1
id3677574,1
id0274720,1
id0453713,1
id0185184,1
id2014136,1
id1841475,1
id1516579,1
id0228916,1
id0396888,1
id3370784,1
id3625134,1
id1513700,1
id2684004,1
id0806816,1
id2273619,1
id0369901,1
id1745236,1
id1404532,1
id2804352,1
id1520089,1
id2595299,1
id0838389,1
id1490317,1
id1530766,1
id2758085,1
id3761320,1
id2571386,1
id1825051,1
id1304386,1
id3803376,1
id1868139,1
id2297166,1
id1694289,1
id0352723,1
id3522021,1
id1603200,1
id3833142,1
id2742770,1
id1123474,1
id0120551,1
id3494725,1
id1054552,1
id2392757,1
id2768881,1
id0438333,1
id2368840,1
id2123227,1
id1866755,1
id2513162,1
id1011125,1
id2191369,1
id2992892,1
id3393449,1
id2773808,1
id3810693,1
id1310859,1
id1774434,1
id3744384,1
id3436204,1
id0081212,1
id1362316,1
id3874804,1
id3853747,1
id2083040,1
id3865335,1
id0518366,1
id1637373,1
id1739499,1
id1989070,1
id3682183,1
id2360997,1
id2781927,1
id0068494,1
id0373958,1
id2165659,1
id3370987,1
id2558684,1
id3376400,1
id1074351,1
id0769247,1
id0983558,1
id2415332,1
id3918275,1
id0282246,1
id0726926,1
id0579980,1
id3901933,1
id3180293,1
id0856239,1
id1955295,1
id3782839,1
id2401424,1
id0438195,1
id3571880,1
id1513729,1
id0636461,1
id3322617,1
id3928335,1
id1500135,1
id0868326,1
id1666476,1
id3283735,1
id1060747,1
id2241104,1
id1354562,1
id3742483,1
id1761860,1
id1598165,1
id2893945,1
id1799022,1
id3331253,1
id3941703,1
id1827736,1
id3291980,1
id0324403,1
id0300868,1
id0974193,1
id2462829,1
id1631177,1
id3057823,1
id0066615,1
id1548343,1
id2606901,1
id2944914,1
id1952530,1
id0842184,1
id2231839,1
id0480196,1
id1750121,1
id2123554,1
id2632831,1
id2830211,1
id0223981,1
id2433025,1
id2115651,1
id1244948,1
id1532298,1
id3497420,1
id3344617,1
id0073591,1
id0918671,1
id1749366,1
id0682052,1
id0025923,1
id0394738,1
id0810667,1
id1724280,1
id3260658,1
id2510990,1
id2073572,1
id1892958,1
id1577328,1
id2787860,1
id2474104,1
id1143652,1
id2931476,1
id2030318,1
id1052494,1
id1864174,1
id2707954,1
id1987507,1
id1787024,1
id3518420,1
id3279592,1
id3300736,1
id3237576,1
id2849121,1
id0004633,1
id1881985,1
id2512843,1
id1446079,1
id2112107,1
id3104510,1
id3404065,1
id3683634,1
id2511904,1
id0304830,1
id1767486,1
id1438479,1
id2299288,1
id2542549,1
id2281796,1
id0761537,1
id0831124,1
id0740953,1
id2357472,1
id2643074,1
id2395963,1
id1298435,1
id1413768,1
id3060374,1
id2654470,1
id3430354,1
id2757836,1
id3574214,1
id3369348,1
id3775414,1
id3876013,1
id3062335,1
id0740521,1
id1007133,1
id1890119,1
id1319346,1
id3340902,1
id3888119,1
id0875725,1
id3168093,1
id0282061,1
id1073064,1
id1154164,1
id2548485,1
id3907652,1
id3854451,1
id3524379,1
id2652650,1
id2743520,1
id3615048,1
id2049149,1
id1479795,1
id3639764,1
id3463885,1
id0030387,1
id0363494,1
id0455011,1
id1911719,1
id1911719,1
id1911719,1
id1911719,1
id1911719,1
id1911719,1
id1911719,1
id1790006,1
id2504849,1
id1556759,1
id3069965,1
id0101021,1
id2611528,1
id0742799,1
id1756670,1
id0196753,1
id3142022,1
id1216576,1
id1182970,1
id1723232,1
id3773920,1
id1449119,1
id2509675,1
id1153797,1
id2862494,1
id1821129,1
id1810021,1
id2314061,1
id3553268,1
id1375960,1
id3078544,1
id2205733,1
id1542379,1
id2981233,1
id1916597,1
id3424328,1
id0297294,1
id0476910,1
id1491206,1
id0651393,1
id3624178,1
id2837137,1
id0689745,1
id2711099,1
id3382226,1
id3664267,1
id0287254,1
id2854690,1
id3857319,1
id1998896,1
id2926608,1
id3861608,1
id0402129,1
id1801934,1
id3496562,1
id3391078,1
id0381080,1
id1188207,1
id3978007,1
id3481155,1
id0911115,1
id2850359,1
id0021767,1
id1852303,1
id1300291,1
id0165085,1
id2291440,1
id0327724,1
id3533950,1
id2414566,1
id1245196,1
id2264548,1
id2264548,1
id2264548,1
id2264548,1
id2264548,1
id2264548,1
id2264548,1
id0363348,1
id0497204,1
id3079368,1
id1604700,1
id0789469,1
id1943942,1
id0697467,1
id0966374,1
id0945683,1
id2530365,1
id0849353,1
id2609578,1
id2042500,1
id1569309,1
id1236335,1
id0794196,1
id1564726,1
id3372570,1
id2663611,1
id0135650,1
id0159920,1
id1432222,1
id1617748,1
id1409118,1
id3656309,1
id2594985,1
id2890991,1
id0334795,1
id0204646,1
id3530165,1
id3051099,1
id0500901,1
id0991281,1
id3398328,1
id0751626,1
id2501278,1
id3506469,1
id1649973,1
id0438317,1
id3852853,1
id3145363,1
id1225727,1
id2454536,1
id3984186,1
id0291037,1
id0122310,1
id1672194,1
id1322726,1
id0706484,1
id0071300,1
id1825454,1
id2922254,1
id0453851,1
id1564966,1
id0438481,1
id3181121,1
id2650669,1
id3599125,1
id3974291,1
id1695564,1
id3272759,1
id3501659,1
id1187705,1
id2218933,1
id2759899,1
id2247909,1
id0286760,1
id3903132,1
id2430192,1
id1413801,1
id3093655,1
id0463253,1
id2056535,1
id1698337,1
id3656452,1
id1341020,1
id0332514,1
id3709565,1
id2216744,1
id1164802,1
id3051998,1
id3746836,1
id1166527,1
id1595468,1
id2057605,1
id2214066,1
id0426459,1
id3361712,1
id3264506,1
id0430029,1
id1838122,1
id3817800,1
id2618430,1
id0095644,1
id2292652,1
id3001573,1
id2625340,1
id0346225,1
id3384955,1
id2347102,1
id3660441,1
id0027121,1
id2279063,1
id0330127,1
id1829168,1
id3508171,1
id1883025,1
id0942555,1
id2990830,1
id3051920,1
id2864913,1
id0743179,1
id1732436,1
id0140336,1
id0156931,1
id1495252,1
id1004564,1
id3450101,1
id1725104,1
id3793803,1
id2908943,1
id1385875,1
id1190690,1
id2038211,1
id3181369,1
id2366560,1
id1968159,1
id1748181,1
id1287460,1
id3695941,1
id1639927,1
id1528758,1
id0056852,1
id2239048,1
id2510356,1
id2831406,1
id3035697,1
id2910862,1
id0567856,1
id2903542,1
id0618078,1
id1505444,1
id2541943,1
id0661118,1
id3482287,1
id0516113,1
id2959659,1
id0998500,1
id3181288,1
id2708077,1
id3390752,1
id1013048,1
id1635590,1
id0044376,1
id2150196,1
id0125358,1
id1581731,1
id0099451,1
id1978371,1
id3980689,1
id0811041,1
id2323011,1
id0685954,1
id0100492,1
id3524656,1
id1997101,1
id1216789,1
id0098695,1
id3072175,1
id3902118,1
id3957022,1
id0282060,1
id0632593,1
id2321246,1
id2311092,1
id0007780,1
id1246908,1
id0554791,1
id2612312,1
id0538850,1
id0224398,1
id0689910,1
id2602144,1
id3074406,1
id0141905,1
id0830363,1
id3605868,1
id3335007,1
id2714537,1
id3730295,1
id0141905,1
id2651381,1
id0141905,1
id0843353,1
id0212022,1
id0141905,1
id0799890,1
id1751448,1
id1048260,1
id1259824,1
id2893817,1
id3720441,1
id1523252,1
id2061069,1
id2128166,1
id1421368,1
id1203158,1
id1695681,1
id2827964,1
id1791107,1
id3592015,1
id2533552,1
id1326212,1
id3565698,1
id2272989,1
id3457267,1
id2251984,1
id0678644,1
id3324379,1
id2343913,1
id2865545,1
id2770606,1
id1862564,1
id2080679,1
id0859664,1
id1878165,1
id1023452,1
id1692955,1
id1568841,1
id2869987,1
id2132864,1
id3493648,1
id2919732,1
id1563500,1
id2706298,1
id0108597,1
id1660724,1
id2344742,1
id1497277,1
id1513564,1
id3193161,1
id0429375,1
id0352272,1
id1174459,1
id1248589,1
id2068267,1
id2922733,1
id1157752,1
id1194327,1
id3693124,1
id1301346,1
id2503288,1
id2878538,1
id3571182,1
id0479697,1
id2023532,1
id1521955,1
id1617983,1
id0993879,1
id1939165,1
id2894342,1
id0087570,1
id0754864,1
id0509807,1
id0710353,1
id0714916,1
id1604523,1
id1075079,1
id2838822,1
id0962233,1
id2571018,1
id0028404,1
id0248662,1
id3430343,1
id3750166,1
id2382637,1
id1039058,1
id3341482,1
id1005321,1
id3103793,1
id3915566,1
id0777473,1
id1147500,1
id2542515,1
id1389832,1
id2424124,1
id3936832,1
id0664529,1
id0456810,1
id1307031,1
id1433539,1
id2083996,1
id1875888,1
id2048086,1
id1493253,1
id2786755,1
id3177021,1
id1179466,1
id1494337,1
id1665932,1
id1070787,1
id2979850,1
id2187082,1
id2845525,1
id1092347,1
id0837734,1
id3947347,1
id3934393,1
id1074476,1
id3102554,1
id3513456,1
id1721387,1
id3482232,1
id2640837,1
id2330091,1
id1353890,1
id2723530,1
id3027711,1
id3008227,1
id0701054,1
id3914541,1
id3885521,1
id1879714,1
id1526565,1
id2659043,1
id3142973,1
id0786192,1
id3598413,1
id2335536,1
id0898017,1
id3499603,1
id3573298,1
id2000559,1
id0300600,1
id3454022,1
id2716252,1
id2255274,1
id2612503,1
id2533503,1
id2371736,1
id0635343,1
id1736731,1
id0747556,1
id3920602,1
id1110714,1
id0116720,1
id1982643,1
id1460257,1
id1995355,1
id1127290,1
id0061542,1
id3774819,1
id1940974,1
id3575840,1
id0674031,1
id0111462,1
id2010691,1
id1960743,1
id0019143,1
id3905393,1
id3329850,1
id1399786,1
id0375038,1
id0915156,1
id1121252,1
id1046932,1
id1965236,1
id0658975,1
id0609615,1
id1189985,1
id0465342,1
id0952969,1
id0808633,1
id3735974,1
id3670736,1
id2094568,1
id2373875,1
id3747925,1
id0424947,1
id1335721,1
id0721568,1
id0400799,1
id1561292,1
id2284541,1
id1946811,1
id2627261,1
id0517526,1
id3523090,1
id2987775,1
id3121209,1
id0533933,1
id3661373,1
id3238356,1
id2302728,1
id0812056,1
id0599477,1
id1708257,1
id3265340,1
id0482509,1
id0236134,1
id0542809,1
id2068306,1
id2159415,1
id0666110,1
id3137167,1
id3448339,1
id3689198,1
id1645810,1
id2366695,1
id2326096,1
id3355937,1
id2867570,1
id0275595,1
id2312731,1
id2383632,1
id3432390,1
id1509167,1
id0380619,1
id0491734,1
id2697486,1
id1999113,1
id3253720,1
id0092151,1
id3634638,1
id2241190,1
id3044412,1
id0536788,1
id2275260,1
id1654020,1
id3346746,1
id0139868,1
id1475726,1
id3674140,1
id3608779,1
id2189240,1
id2137486,1
id2837938,1
id2845401,1
id0343626,1
id2071441,1
id1577990,1
id3336631,1
id3884453,1
id1385060,1
id3335982,1
id2233121,1
id3769624,1
id0847212,1
id0074363,1
id2464481,1
id0243623,1
id1022174,1
id2170232,1
id1983635,1
id2528965,1
id2345074,1
id0223521,1
id0738825,1
id3229586,1
id2019954,1
id0874913,1
id3290908,1
id3084382,1
id0452075,1
id2688174,1
id2799722,1
id3241231,1
id1247224,1
id0325481,1
id1954923,1
id2347604,1
id0496279,1
id3694996,1
id0781002,1
id0693915,1
id1610563,1
id3423957,1
id2550141,1
id3353582,1
id3386834,1
id1815809,1
id0709034,1
id0756867,1
id3583085,1
id3518382,1
id0391631,1
id1399051,1
id3931712,1
id1318833,1
id3658128,1
id1245578,1
id3856035,1
id3118339,1
id2005508,1
id2654460,1
id0131311,1
id0321313,1
id2888903,1
id2806513,1
id3314510,1
id0867477,1
id3428857,1
id0753463,1
id0408181,1
id0048052,1
id2855070,1
id3039389,1
id1006277,1
id0098452,1
id0752935,1
id0833648,1
id1263880,1
id0693508,1
id0944914,1
id3722274,1
id2483817,1
id3898566,1
id0914643,1
id3957438,1
id1912629,1
id1512296,1
id0751573,1
id1644841,1
id0293427,1
id1323144,1
id1760683,1
id3776270,1
id2352024,1
id0162127,1
id2376514,1
id0717225,1
id0505720,1
id1535864,1
id2880176,1
id3336886,1
id3886801,1
id1914622,1
id0969082,1
id1734466,1
id1491571,1
id2001210,1
id1636364,1
id1156072,1
id3027209,1
id3514358,1
id1151989,1
id0967245,1
id3653378,1
id1061974,1
id3191803,1
id0141905,1
id2784525,1
id3655095,1
id1151336,1
id0910795,1
id0878215,1
id1313741,1
id1981945,1
id3854451,1
id0263918,1
id2524965,1
id3761045,1
id1046290,1
id0141905,1
id3195594,1
id0141905,1
id2706167,1
id0141905,1
id0476310,1
id1883456,1